Log GDP per capita,Social support,Healthy life expectancy at birth,Freedom to make life choices ,Generosity,Perceptions of corruption,Positive affect,Negative affect,Confidence in national government,Democratic Quality,Delivery Quality,Gini Index(Household),Life Ladder
41,56,42,71,99,97,68,1,23,48,43,50,6.42514419555664
84,97,74,47,29,101,69,45,8,89,81,2,6.2434287071228
18,8,1,46,62,43,51,93,90,28,33,88,4.54254579544067
83,94,78,99,63,68,23,60,9,93,87,22,6.16683769226074
21,8,3,26,58,52,44,96,64,31,38,81,5.26837491989136
24,23,21,52,92,80,44,52,73,68,60,84,4.96680974960327
75,45,59,72,9,98,62,66,8,67,66,19,6.15087890625
3,9,24,7,60,75,70,93,66,44,11,95,4.07862043380737
19,19,7,26,66,64,27,78,66,10,10,78,4.93673753738403
37,57,33,98,33,36,76,98,98,34,49,69,5.8691725730896
14,28,10,35,40,35,63,24,88,20,3,98,3.73540019989014
91,69,90,74,9,22,64,8,41,97,99,51,5.9106764793396
52,63,62,75,24,79,95,68,16,45,59,79,5.98351240158081
85,88,64,51,2,51,9,56,39,90,90,38,6.06409788131714
105,109,81,82,100,9,89,25,72,97,100,26,7.04073143005371
72,28,75,28,36,91,36,75,6,77,77,16,5.3431658744812
86,83,87,31,79,47,39,58,43,54,93,1,6.92717885971069
93,94,83,69,103,10,80,35,42,83,101,46,7.2334451675415
109,75,92,101,93,0,86,10,104,83,112,92,6.37843799591064
106,110,85,109,90,11,105,24,85,107,108,20,7.59633159637451
78,76,56,5,13,100,40,41,22,73,78,6,5.4489016532898
89,108,86,108,91,3,103,6,84,110,107,34,7.370285987854
55,68,54,40,30,45,68,85,4,60,43,49,6.19092178344727
104,87,66,69,96,31,91,42,32,85,99,102,6.94370126724243
19,75,39,106,106,95,74,21,57,37,23,34,5.29738330841064
60,42,28,15,4,84,28,105,19,31,16,96,4.78238296508789
84,34,87,42,60,92,65,80,28,88,86,37,5.79461860656738
4,2,8,34,64,63,20,109,55,42,17,76,3.87857842445374
27,35,23,84,110,18,86,69,103,22,14,51,4.62311983108521
100,74,42,37,49,37,104,0,24,92,95,13,6.46700477600098
11,7,31,101,78,1,84,72,106,35,75,105,3.5610466003418
90,100,88,96,98,4,91,14,87,110,110,61,7.20517444610596
103,101,83,86,103,7,99,35,79,104,107,63,7.42526865005493
58,62,66,7,42,77,15,81,26,65,66,21,5.30406618118286
18,22,28,12,42,59,55,44,75,62,56,35,4.7693772315979
34,49,49,42,19,49,104,51,15,59,37,40,6.33931827545166
39,56,33,95,41,40,79,83,97,32,50,58,6.26774501800537
46,43,34,84,110,84,108,64,99,51,59,65,5.34029579162598
65,87,54,16,12,16,15,14,50,28,34,7,5.82145309448242
35,48,40,97,51,58,103,72,50,38,26,75,6.32511854171753
98,85,83,98,96,4,91,18,55,105,109,50,7.36874437332153
17,38,0,33,34,40,61,53,78,56,45,107,3.80820488929748
48,102,35,21,76,76,35,15,15,73,49,25,5.46462297439575
95,89,80,76,78,15,81,36,47,91,95,21,6.92834758758545
38,45,54,48,59,37,32,73,56,28,74,27,5.27128458023071
52,63,65,63,17,79,93,77,27,43,61,92,6.35029792785645
21,27,9,58,89,47,60,92,88,57,38,107,4.34754371643066
44,37,33,79,109,93,107,76,99,51,56,61,5.09840154647827
110,85,84,103,56,9,83,25,97,108,104,24,7.40401554107666
31,6,29,86,52,50,43,75,100,50,60,29,4.04611110687256
71,67,76,52,62,70,100,62,14,83,93,93,6.32011938095093
57,64,78,105,37,50,108,77,53,87,79,111,7.14107465744019
20,14,2,35,38,48,49,88,61,24,31,90,5.03773498535156
40,47,42,66,92,103,51,4,24,49,45,42,5.75941228866577
1,15,6,64,61,27,35,86,94,25,13,102,4.27986335754394
78,88,69,81,38,75,77,32,35,81,85,7,6.16207647323608
3,12,4,28,87,79,7,107,97,56,14,107,4.30568313598633
48,58,20,36,28,65,86,51,56,66,67,90,5.03486347198486
0,3,21,56,80,46,13,90,71,50,29,109,3.33463358879089
40,6,43,63,7,17,11,25,20,58,82,62,4.45077466964722
81,92,55,39,18,52,20,16,25,90,88,53,6.27294063568115
74,39,81,2,2,92,50,80,0,67,66,8,5.30261945724487
44,25,32,20,7,64,2,60,80,7,30,11,4.00545072555542
38,77,41,18,52,104,21,31,0,19,33,20,4.66190910339356
37,61,39,8,71,103,17,37,0,16,31,49,4.3110671043396
76,73,38,34,25,82,53,16,68,21,32,28,5.57874298095703
24,51,42,16,27,68,25,99,39,4,48,74,4.48253726959229
21,32,19,2,28,49,30,55,19,24,23,64,4.67815971374512
90,37,88,8,39,56,38,29,36,80,92,38,5.84023141860962
48,64,17,49,44,62,81,68,54,67,73,93,4.76973962783814
13,34,19,5,25,54,0,74,23,0,0,60,3.05751395225525
73,83,77,21,26,100,12,61,10,78,76,9,5.53627109527588
65,59,70,91,28,60,108,46,56,42,46,77,6.43194532394409
96,98,88,106,98,7,107,29,85,105,105,98,7.41486835479736
96,70,82,50,18,24,61,42,27,91,96,11,6.7721381187439
25,9,22,13,85,53,34,78,48,2,21,10,5.54850816726685
13,0,12,47,69,29,37,105,87,64,35,86,4.97636079788208
51,82,60,70,21,86,99,66,7,44,59,87,6.15734195709229
54,41,48,0,13,30,33,61,56,20,15,83,5.24891233444214
0,19,20,24,80,67,29,97,67,49,8,105,5.12146091461182
64,80,52,14,16,35,0,38,42,35,36,5,5.23376989364624
101,55,51,59,27,37,77,71,56,9,72,62,6.29428243637085
29,103,43,111,91,13,100,20,105,14,7,57,6.42144775390625
87,93,86,11,44,93,45,83,9,82,79,36,5.95452404022217
14,25,13,40,39,41,87,33,87,15,5,95,3.63830018043518
16,28,0,42,23,56,66,47,88,58,42,97,3.79530072212219
0,7,7,54,72,20,75,110,92,18,28,94,5.16400718688965
39,69,44,28,50,88,28,19,34,17,30,40,4.70176219940186
87,84,90,30,45,49,37,87,18,80,86,22,6.51337099075317
99,107,81,109,97,1,94,22,71,101,106,104,7.59370231628418
47,49,52,17,76,79,7,50,1,14,27,9,5.27072381973267
93,66,91,57,1,19,65,15,40,97,99,46,5.90803909301758
33,33,38,84,43,81,70,103,21,53,17,49,5.67427062988281
47,42,59,13,94,106,32,70,6,48,46,38,5.18086528778076
15,10,19,49,99,38,48,44,103,43,37,101,2.90273427963257
103,51,42,56,86,10,40,27,46,75,104,80,5.49842071533203
19,12,36,83,40,28,9,37,100,18,21,56,4.5561408996582
16,18,20,57,88,21,55,48,103,40,35,88,3.3471212387085
76,66,54,14,5,23,0,74,75,7,62,12,5.607262134552
82,105,65,56,12,88,66,10,54,75,79,37,6.00025987625122
16,29,41,53,100,32,5,87,82,38,20,59,5.4487247467041
42,49,18,58,11,69,56,57,92,76,67,99,4.44130611419678
79,100,52,10,0,104,16,44,17,92,91,21,5.86555242538452
81,65,84,84,6,97,53,67,45,99,92,66,6.09547328948975
64,74,72,61,11,69,95,76,16,70,53,36,6.08556079864502
90,89,82,100,105,28,52,87,89,101,91,37,6.73297739028931
89,109,85,105,107,4,91,8,77,110,111,60,7.32718276977539
102,62,53,76,10,37,74,60,56,11,74,68,6.35639333724976
12,0,32,80,81,1,63,102,106,34,75,105,3.26815223693848
79,77,82,93,18,87,35,63,59,100,93,59,5.71149921417236
53,44,62,31,73,99,10,70,14,49,64,21,5.01548528671265
72,44,57,70,21,100,62,35,21,68,72,44,6.08990478515625
75,98,78,36,29,102,7,52,18,77,76,16,5.6257438659668
76,35,83,6,0,81,40,47,2,72,73,7,5.40928936004639
42,62,19,41,16,74,64,40,81,76,71,110,4.83408784866333
29,53,38,6,65,106,24,55,0,52,34,28,5.57778406143189
104,93,88,103,85,7,78,22,97,106,110,79,7.45851993560791
97,71,81,70,97,11,63,17,81,95,102,8,7.07432460784912
89,42,87,4,70,77,25,37,31,73,90,35,5.87388706207275
78,55,61,73,8,105,49,42,3,69,69,39,6.12994241714478
102,101,83,98,99,8,107,21,85,103,107,67,7.4630970954895
101,91,81,94,104,12,100,28,71,103,107,46,7.54087734222412
7,21,22,28,69,42,21,71,95,2,26,48,4.18031549453735
26,8,23,20,41,38,34,100,65,21,6,59,5.21262264251709
104,88,68,80,101,26,96,51,36,82,100,102,6.99175930023193
82,66,76,85,6,29,58,6,58,79,83,2,6.24209403991699
109,91,91,92,94,0,94,0,104,80,113,52,6.03348064422607
39,44,57,57,26,25,11,106,86,47,62,42,5.06244850158691
2,24,23,7,48,82,90,21,56,45,12,71,3.6630859375
77,107,45,75,49,31,82,1,87,30,48,15,6.27226829528809
91,97,82,102,101,17,57,64,94,102,91,32,6.90971088409424
8,0,6,0,33,105,3,91,13,0,2,3,2.66171813011169
60,27,22,62,3,36,36,56,96,82,80,105,3.50488114356995
85,102,89,46,54,65,35,68,21,84,88,31,6.31861209869385
21,39,20,1,37,32,39,56,12,23,19,64,4.31361532211304
86,95,77,53,0,78,55,9,42,95,89,0,7.03416538238525
48,30,61,6,86,99,17,54,0,47,45,74,5.08990240097046
54,38,50,7,20,44,15,63,56,21,18,106,5.04308605194092
107,58,55,107,91,37,77,42,56,48,94,84,6.83095026016235
25,60,61,55,70,33,84,100,29,16,12,54,5.81895256042481
70,86,55,89,50,61,88,3,83,90,84,54,6.24116516113281
101,111,85,105,104,36,111,3,32,106,100,14,7.47621393203735
28,7,19,52,34,52,21,70,53,21,7,73,4.11949348449707
74,84,37,27,13,100,29,2,75,14,32,26,5.85494565963745
45,53,42,55,64,18,2,49,35,57,65,0,5.60805606842041
4,18,28,4,65,35,58,70,86,42,11,88,4.33908748626709
10,2,30,94,77,3,73,89,106,35,76,110,3.10837388038635
61,36,26,62,1,60,60,50,91,84,80,103,3.46136569976807
31,50,64,95,57,60,47,14,56,27,51,45,5.2955470085144
14,31,13,3,19,55,1,34,14,0,1,43,3.82563090324402
6,21,21,38,76,30,59,47,93,3,27,81,4.29784870147705
41,35,42,77,90,100,63,12,21,51,43,40,6.14919996261597
69,77,71,87,43,25,101,59,43,98,85,52,6.17148542404175
43,56,64,73,63,48,104,90,52,52,22,33,6.11543750762939
104,79,67,65,90,31,91,63,25,85,97,109,6.8826847076416
83,96,75,74,12,93,71,19,41,96,87,4,6.73562717437744
55,23,71,91,5,37,96,2,56,14,58,85,5.32495594024658
27,21,4,33,72,85,56,43,33,7,9,65,4.3564190864563
7,5,1,15,69,45,7,111,72,3,5,101,4.48632526397705
58,81,56,100,108,86,98,29,84,15,64,70,6.07363986968994
23,14,43,91,54,22,6,91,102,20,18,53,5.11421680450439
1,11,11,44,76,93,28,110,66,47,9,91,3.35467600822449
56,77,78,82,62,50,109,58,17,90,79,77,7.13561773300171
6,5,14,0,107,72,8,91,2,23,3,103,3.35230016708374
82,98,77,92,52,71,26,54,10,96,89,23,5.93682146072388
9,22,17,32,84,80,45,98,61,25,34,106,4.32171487808227
74,86,39,38,57,41,71,7,94,30,48,15,5.88235139846802
86,106,79,106,36,51,43,34,38,94,89,17,6.66527366638184
98,84,85,92,78,15,70,33,55,99,101,6,7.3960018157959
64,92,54,23,19,102,24,7,7,66,73,20,4.83756065368652
66,102,55,21,23,96,22,13,26,71,72,18,5.09690189361572
63,17,53,11,89,36,19,106,63,9,20,49,5.00614595413208
36,70,55,9,21,67,72,92,12,4,0,71,5.00566339492798
87,78,90,41,59,52,25,69,15,79,86,28,6.23017311096191
68,20,48,34,101,33,48,105,76,10,22,111,4.71678304672241
0,23,13,81,82,26,14,95,97,26,14,98,4.93213272094727
50,63,58,24,84,85,30,63,12,45,64,82,5.34574604034424
41,56,19,36,14,87,41,48,69,76,68,108,4.43581104278564
27,21,3,65,90,70,58,39,69,8,10,68,5.32192802429199
5,4,13,11,80,38,14,105,44,26,17,85,4.17949390411377
71,79,75,77,31,71,110,31,17,72,63,93,6.28143405914307
95,91,86,97,102,8,95,39,80,106,105,100,7.24484586715698
32,49,38,78,41,52,65,97,38,54,21,61,5.91573429107666
49,50,63,65,20,91,84,98,11,60,54,70,5.71093654632568
71,84,75,90,22,72,97,41,37,72,63,69,6.5676589012146
59,34,45,35,4,21,16,17,95,9,38,7,5.15227937698364
22,15,4,35,67,58,42,103,78,28,35,105,5.39201211929321
53,65,35,64,31,23,56,95,56,1,0,72,5.43358325958252
12,1,9,27,72,40,34,108,84,62,36,100,5.81982707977295
26,13,20,50,20,45,18,95,51,21,6,70,4.88399124145508
45,42,42,55,64,23,33,84,46,57,65,5,5.8271279335022
46,91,34,19,89,82,42,28,16,74,47,34,5.33385038375855
105,96,90,102,88,7,84,14,100,109,108,9,7.50858688354492
23,29,56,74,86,54,97,65,37,39,20,84,5.64815473556519
26,54,59,99,70,24,105,72,76,41,24,58,6.47635650634766
100,71,42,60,49,34,106,0,45,93,95,28,6.53708982467651
94,94,79,79,51,14,74,49,42,91,97,19,6.94893646240234
32,31,36,85,32,65,49,104,44,53,18,41,5.65055274963379
35,55,43,95,66,46,109,49,49,38,25,104,6.62659168243408
94,110,80,110,67,2,82,8,76,105,111,51,7.78825187683106
15,30,16,44,48,74,53,26,66,19,6,86,3.61647987365723
66,61,67,60,15,61,110,27,20,46,42,63,6.54957866668701
68,52,49,62,93,91,81,43,69,92,84,33,5.61000347137451
76,98,41,70,35,66,47,5,79,30,53,31,6.00763607025147
38,19,53,9,22,98,16,105,4,27,57,30,4.32547187805176
61,32,24,22,8,63,31,104,35,35,22,90,4.83176422119141
50,105,36,25,95,86,52,5,7,75,49,31,5.56290531158447
59,33,29,29,9,66,32,102,23,29,15,73,4.78300905227661
68,90,56,31,17,105,31,13,7,71,72,17,5.09881353378296
28,104,40,111,102,14,101,3,105,12,7,87,5.89253902435303
33,46,32,94,45,53,92,61,96,28,51,85,5.430832862854
2,4,23,45,65,25,5,85,72,54,29,106,3.86912369728088
77,57,56,3,16,59,0,85,61,12,55,25,5.1856894493103
94,110,81,104,30,2,79,11,68,104,111,24,7.85810708999634
17,67,39,46,55,14,59,9,102,7,7,13,5.4640154838562
96,103,85,99,104,10,84,39,48,102,103,81,7.25008010864258
106,111,86,110,83,5,96,26,87,108,108,14,7.44426202774048
106,107,86,108,103,5,105,20,90,107,112,12,7.57874488830566
97,106,87,96,108,11,79,33,48,99,102,53,7.25703763961792
42,7,40,49,8,41,10,42,21,56,83,48,4.65909719467163
44,35,32,67,110,90,98,84,98,56,51,45,5.13632535934448
100,109,83,104,71,0,92,22,82,104,106,70,7.64878559112549
58,61,49,79,24,45,66,62,43,62,40,80,5.43321561813355
70,38,72,19,48,88,22,81,22,76,77,22,5.41687536239624
56,90,78,104,46,39,110,56,40,89,78,68,7.22518157958984
42,42,71,66,32,72,90,92,5,55,28,54,5.8091311454773
88,98,85,102,105,6,98,23,70,109,112,48,7.22568798065186
30,71,44,64,56,102,12,53,9,49,40,39,5.6822772026062
1,16,14,35,68,84,41,98,67,50,9,97,4.4244909286499
90,99,82,100,105,28,57,70,93,103,93,47,6.67566585540772
8,22,23,37,76,58,37,55,101,7,29,57,4.37926244735718
35,26,54,83,35,26,109,54,90,59,39,69,6.45482063293457
28,41,2,56,73,94,61,46,41,11,8,76,5.21956777572632
88,85,88,15,63,89,35,99,5,81,77,63,6.51652669906616
92,108,81,63,104,13,77,35,40,88,102,30,6.82428359985352
43,43,31,16,26,64,21,91,80,6,25,25,4.55674076080322
55,72,60,10,46,90,4,65,47,64,61,19,5.75275468826294
83,95,60,22,5,78,4,28,25,88,88,13,6.30887889862061
17,54,25,37,38,54,80,43,82,62,54,49,4.59453392028809
11,0,8,32,56,46,23,107,79,65,31,94,4.85318088531494
28,29,27,93,109,21,78,67,101,11,13,50,4.4106330871582
88,54,89,25,43,83,27,78,8,81,78,10,6.44541692733765
108,100,83,78,97,7,90,27,80,100,98,27,6.96233558654785
91,76,90,69,47,29,72,15,31,95,100,12,5.95465087890625
67,81,70,68,15,72,89,62,22,70,56,35,6.03933000564575
97,81,85,87,94,15,67,10,45,101,100,10,7.29372787475586
108,56,53,71,35,37,46,75,56,43,58,86,5.94719457626343
3,12,3,25,85,76,18,109,91,55,13,96,4.08956241607666
69,105,58,63,34,103,39,18,14,69,72,23,5.10843801498413
97,80,79,81,97,12,63,12,67,97,103,21,6.87376308441162
46,49,58,9,53,94,1,53,7,13,23,8,5.16718673706055
7,1,5,0,42,101,0,100,32,1,2,4,2.69430327415466
6,27,6,14,69,35,23,82,86,39,41,91,4.20563459396362
73,67,51,14,47,45,1,97,74,6,63,15,5.32622194290161
54,80,53,45,14,55,56,71,3,61,47,35,6.3329291343689
43,10,31,7,22,64,7,101,80,5,28,29,3.92934417724609
36,4,50,48,4,73,30,102,56,36,52,87,4.89679193496704
63,78,60,90,108,86,102,24,51,17,64,63,6.02215147018433
45,28,33,49,10,64,4,74,80,6,28,5,4.32783174514771
80,99,66,71,25,20,59,9,28,94,96,18,5.6496753692627
49,40,61,67,28,83,93,83,18,61,57,71,5.70062875747681
53,40,52,0,63,39,13,28,56,17,16,6,4.74462747573853
109,91,92,105,81,0,57,1,104,83,113,33,6.3783597946167
84,48,89,54,69,76,68,65,30,86,86,60,6.27644300460815
99,96,84,105,83,5,93,5,56,104,107,29,7.37479209899902
92,89,89,60,28,16,75,59,35,78,96,23,6.66590356826782
32,10,30,88,82,59,36,88,93,46,63,52,3.81806874275208
29,59,62,98,42,57,38,18,56,32,50,67,5.17527866363525
90,32,89,24,51,34,44,38,34,74,90,66,5.90281677246094
37,3,53,42,2,42,14,101,56,36,54,110,5.05675172805786
97,70,84,86,79,13,69,34,70,96,103,14,7.03547239303589
62,92,47,17,29,22,8,11,47,29,30,7,5.17789936065674
14,26,18,13,49,69,56,38,49,18,5,108,2.69352316856384
5,16,13,29,109,28,87,94,94,55,35,98,4.92209911346436
67,5,46,48,98,33,46,110,89,12,24,82,4.65273094177246
99,73,42,29,53,61,98,0,39,94,94,36,6.51285076141357
110,78,92,98,45,0,82,0,102,84,113,39,6.3745641708374
2,21,9,90,77,28,31,98,99,27,14,111,4.65371370315552
102,84,55,88,21,37,60,40,56,10,75,75,6.5612473487854
93,104,84,75,106,14,77,45,28,86,101,58,7.157151222229
69,82,54,80,44,51,76,4,81,87,85,55,5.88174057006836
75,24,82,1,0,85,19,79,1,69,67,18,5.14824151992798
62,46,75,103,14,37,111,2,56,19,62,78,5.14412021636963
79,68,71,68,30,21,42,21,60,79,82,1,6.20126819610596
0,2,18,58,77,66,19,77,67,58,26,82,3.47649264335632
107,103,87,108,87,6,94,16,77,108,109,30,7.44213962554932
20,20,38,89,71,20,10,28,101,16,19,84,4.3097710609436
55,75,55,67,46,44,73,82,28,61,47,101,6.45114898681641
60,31,44,26,7,18,17,14,91,8,39,3,5.30389499664307
15,28,37,47,93,39,6,96,84,42,25,76,4.9100866317749
57,36,30,14,35,89,38,108,28,1,2,79,5.09958982467651
12,25,5,19,58,75,54,89,53,14,21,95,4.98799180984497
62,79,70,40,57,62,3,41,52,63,60,27,6.24140739440918
33,35,47,56,15,56,73,84,10,62,44,63,6.13982486724854
40,3,44,8,6,16,9,32,29,60,81,57,4.44838619232178
73,93,37,51,56,30,50,4,95,29,44,16,5.53355169296265
10,24,27,41,79,37,27,59,96,3,28,80,4.09955501556397
56,72,47,76,31,44,64,56,50,64,41,72,5.60520267486572
57,95,31,39,64,37,29,48,56,8,1,0,5.88705158233643
25,37,60,72,82,63,105,58,31,36,24,91,5.93005132675171
20,16,29,43,61,55,83,79,83,63,55,55,5.48873662948608
18,17,5,45,60,73,28,93,73,13,10,92,5.07405138015747
110,77,84,85,63,9,69,20,94,109,105,11,7.24263095855713
49,52,63,17,92,96,33,57,11,44,40,32,5.88740110397339
55,72,45,82,42,38,72,57,66,66,42,73,5.23869848251343
45,40,42,54,64,21,2,64,33,57,65,0,5.46661520004272
7,14,1,10,67,53,26,111,52,5,4,91,4.55893707275391
10,7,0,2,75,65,12,108,61,5,3,77,4.02935028076172
34,13,46,61,3,34,54,21,56,37,56,83,5.38630723953247
69,83,52,96,84,65,67,6,78,90,83,45,6.17411756515503
61,48,35,44,37,27,52,99,56,0,0,84,5.33022212982178
98,108,80,107,95,3,99,23,51,102,106,78,7.5577826499939
31,18,24,93,96,19,105,79,100,25,15,89,4.85940217971802
24,64,63,84,73,19,98,81,61,32,19,67,6.11254501342773
66,76,71,72,10,79,92,77,13,69,57,41,5.79279661178589
65,39,65,77,11,59,102,35,11,41,46,56,6.41029930114746
69,97,73,91,35,17,111,30,67,98,84,44,6.60033702850342
83,90,71,42,17,95,70,46,26,87,80,2,6.23511075973511
52,58,61,38,58,95,14,66,37,56,64,17,5.23983478546143
72,63,76,18,33,81,88,82,2,83,94,43,5.94225025177002
81,105,67,23,47,97,76,36,34,89,82,3,5.99316310882568
47,9,68,39,61,86,41,80,49,68,58,43,4.63954830169678
7,11,2,3,75,70,13,107,70,4,4,104,4.25079917907715
30,87,46,111,107,14,103,30,105,15,7,74,6.15404939651489
48,51,59,77,88,80,97,69,74,57,55,42,4.43502378463745
28,65,61,89,40,57,5,31,56,31,52,56,5.0622673034668
30,50,39,5,64,101,11,49,1,52,39,56,5.32553052902222
107,52,57,110,102,37,85,23,56,49,93,98,7.03941965103149
36,30,44,91,50,48,106,73,49,39,27,97,6.2621750831604
63,47,35,50,55,24,49,94,56,0,0,96,5.64685249328613
23,26,20,61,81,74,67,45,81,69,61,109,5.00369310379028
80,70,83,83,1,87,43,76,62,100,92,47,5.91982269287109
9,41,18,23,97,67,47,96,68,26,35,100,4.94805145263672
34,46,52,78,39,59,106,52,33,53,37,66,6.2411994934082
45,105,33,43,83,93,48,7,30,76,50,32,5.05699968338013
45,6,59,18,7,89,6,104,19,40,56,62,4.31547975540161
95,99,81,107,53,2,71,11,84,104,110,44,7.78034782409668
35,11,48,59,7,72,8,77,56,35,53,83,5.31248283386231
5,1,9,28,54,35,22,103,54,23,14,89,4.36080503463745
22,20,14,53,74,62,50,86,77,57,36,103,4.04148817062378
67,69,68,73,14,77,101,73,42,70,49,14,6.42722129821777
62,60,69,12,55,47,14,86,38,63,70,42,5.6501898765564
51,68,58,68,36,92,85,63,13,41,63,91,6.23371505737305
59,17,28,12,59,43,3,111,44,2,4,89,4.46239900588989
13,13,15,21,87,42,45,109,73,24,8,70,4.76768445968628
105,106,90,97,74,6,85,7,98,107,109,14,7.69422101974487
85,45,88,59,75,78,80,67,24,86,87,42,6.06205129623413
9,15,10,20,68,36,46,90,89,37,42,75,4.74089288711548
104,60,42,32,90,12,18,88,27,77,104,55,5.65931701660156
8,14,8,30,66,43,54,84,81,34,42,99,4.92723608016968
92,70,91,49,0,27,51,12,35,97,97,47,5.79357528686523
21,33,18,1,21,73,62,30,6,22,21,64,4.47214937210083
4,14,28,4,68,90,70,89,46,40,11,94,4.07058668136597
77,82,39,33,24,83,42,17,49,22,32,35,5.51350021362305
76,73,55,22,23,57,24,36,14,78,86,24,5.97781753540039
42,47,42,87,106,99,78,7,30,42,41,41,6.39182567596436
62,111,34,77,104,37,21,13,56,13,1,0,4.62060165405273
50,57,66,66,14,94,89,94,5,59,52,77,5.6796612739563
108,104,83,88,83,8,88,32,74,98,98,56,7.25484132766724
51,63,66,30,83,106,28,40,3,46,44,26,6.01552248001099
11,0,7,51,56,71,20,106,83,65,33,65,4.00735759735107
103,74,69,43,95,38,87,50,20,85,98,108,6.80359983444214
70,43,55,63,32,104,49,49,4,71,74,28,5.96887063980103
80,101,62,21,3,96,42,19,36,74,79,1,5.93577098846436
83,86,70,27,49,98,83,26,29,93,81,4,6.36550903320313
22,36,32,109,74,68,102,101,92,33,12,99,5.1218376159668
35,59,32,101,27,32,75,84,100,33,49,77,5.5942702293396
14,53,31,70,100,64,26,91,56,33,16,72,5.0995397567749
22,38,20,12,40,40,47,49,23,23,22,64,4.15261936187744
9,14,29,96,72,0,70,60,106,28,75,99,3.33298993110657
48,15,71,64,69,92,55,76,45,69,57,63,5.00440263748169
39,35,58,31,21,37,28,86,56,30,72,27,4.45254802703857
24,45,42,9,29,62,16,93,50,3,48,49,4.90661811828613
76,35,59,13,29,44,0,91,69,7,60,30,4.87207365036011
20,27,31,110,85,65,85,100,93,35,12,87,4.58584213256836
60,66,58,99,102,88,91,36,77,20,65,80,5.9388952255249
29,7,28,63,74,46,49,84,91,48,57,35,4.17917728424072
17,15,30,62,108,54,70,45,87,24,37,98,4.61885023117065
18,15,6,60,74,88,33,87,84,7,10,81,5.25073766708374
44,18,53,10,17,62,21,93,30,40,51,34,4.52145338058472
36,70,55,12,21,72,73,86,12,7,0,71,5.08080339431763
50,43,68,60,28,86,92,93,8,60,55,85,5.99938154220581
103,71,48,49,27,37,84,50,56,11,75,96,6.47392129898071
104,50,42,68,93,11,31,18,66,78,105,68,5.36247491836548
21,23,12,64,93,38,45,97,90,56,36,103,3.93277740478516
98,86,84,103,99,4,90,8,69,104,108,18,7.28680467605591
6,4,17,7,109,35,13,89,33,24,4,106,3.61492800712586
18,86,37,59,83,97,78,1,63,35,14,40,4.85653400421143
14,63,21,15,21,57,7,27,16,0,1,55,4.19691276550293
16,60,37,23,69,19,34,30,100,7,7,14,5.10372114181519
0,15,5,23,67,63,42,77,71,22,28,69,4.23464584350586
4,17,12,59,93,16,99,57,97,42,35,91,4.11793899536133
60,28,21,75,2,36,45,46,98,82,81,106,3.49893665313721
70,69,75,86,39,71,106,42,27,72,64,85,6.1176381111145
61,68,67,12,43,42,4,85,30,61,66,20,5.6147985458374
38,39,56,44,15,37,28,86,56,34,67,35,4.63893365859985
79,98,58,22,12,52,10,25,9,78,86,4,5.96975374221802
14,45,36,72,95,47,10,93,69,38,20,65,4.73669242858887
7,0,5,0,37,100,0,110,29,1,2,28,2.37509179115295
93,108,79,107,62,5,85,11,55,104,110,35,7.65984344482422
97,92,83,87,84,15,71,17,45,98,100,4,7.04807186126709
61,70,49,75,6,13,33,5,100,9,38,1,5.17338943481445
99,110,87,91,81,13,76,21,61,99,100,14,7.19536113739014
2,13,1,20,90,82,13,106,88,51,11,107,4.73295307159424
34,44,39,78,69,62,104,77,51,40,28,74,6.35891628265381
36,70,39,2,73,91,14,30,0,16,28,32,4.02869033813477
16,18,26,39,108,67,65,33,72,23,36,90,4.39612770080566
39,17,55,10,29,82,25,105,10,30,57,70,4.28773641586304
23,26,33,109,69,67,102,97,92,35,12,104,4.99828481674194
110,80,84,91,76,7,74,12,91,106,103,4,7.0613808631897
17,64,39,46,47,16,49,30,102,7,6,21,5.49746894836426
54,85,51,57,34,50,74,69,14,61,49,61,6.37481737136841
17,16,22,74,85,17,59,41,103,40,35,79,3.64015483856201
73,88,53,20,22,84,35,36,25,80,86,31,5.94044637680054
93,109,90,66,29,16,62,45,35,78,96,41,6.68964433670044
37,73,53,13,18,74,58,89,9,7,0,91,5.07075071334839
101,98,82,98,104,7,105,12,86,104,106,57,7.45896530151367
5,6,12,9,64,60,21,105,25,21,20,59,4.02289485931397
85,101,78,105,31,72,33,56,9,94,90,19,6.24941921234131
11,17,5,36,59,54,75,91,61,8,19,98,4.41572952270508
48,63,18,52,29,82,81,51,43,65,67,92,4.51365518569946
91,97,88,68,30,17,73,41,34,83,95,28,6.63522243499756
23,14,19,51,85,72,50,44,86,70,61,76,5.48131084442139
106,55,57,80,29,37,49,70,56,43,58,98,6.10611963272095
66,47,35,51,30,21,52,99,56,0,0,98,5.49397754669189
32,21,28,93,81,19,110,71,100,25,18,85,5.1968560218811
33,5,30,83,87,41,34,107,97,48,61,82,3.24876976013184
24,56,58,90,83,51,101,44,56,35,26,91,6.01998567581177
64,111,36,88,106,37,3,11,56,9,1,14,5.47429990768433
11,14,5,31,51,59,46,93,51,31,8,81,3.60285472869873
25,59,57,28,75,37,87,94,75,41,26,45,6.01273965835571
30,88,44,111,108,15,95,24,105,15,10,32,6.20546007156372
22,18,39,91,57,30,7,89,99,21,18,27,4.49921703338623
107,104,82,93,103,7,98,26,77,99,97,27,7.06015539169312
72,71,76,52,48,63,97,56,28,85,94,56,6.43622064590454
48,39,35,79,110,81,110,69,97,53,56,56,5.34651279449463
69,88,72,83,35,27,110,56,31,98,84,56,6.37171459197998
85,87,86,46,97,54,42,56,37,56,94,0,7.33103609085083
32,43,48,51,53,88,27,49,23,50,37,55,5.80345058441162
11,52,4,21,47,82,88,71,63,20,20,56,4.01602792739868
64,50,71,21,37,65,15,90,39,63,66,25,5.38602495193482
85,71,85,48,97,59,27,50,45,60,95,6,7.159010887146
46,31,55,8,50,96,4,42,7,10,27,11,5.15398979187012
60,34,75,89,18,37,105,14,56,21,63,85,5.13143396377564
0,15,8,68,75,36,91,71,91,21,27,98,5.00354433059692
84,77,76,68,17,84,64,34,29,95,90,3,6.7895679473877
110,101,84,84,72,7,71,15,87,108,104,7,6.96734094619751
13,34,18,7,20,55,0,64,10,0,1,28,3.25356006622314
61,70,52,83,30,40,80,50,40,64,41,75,6.00423717498779
95,95,81,57,31,19,68,45,46,91,96,6,6.89217185974121
11,23,4,41,47,82,65,98,61,12,22,88,4.74185037612915
13,9,10,35,86,49,66,105,76,21,8,99,5.25222682952881
96,91,89,96,89,12,93,60,66,105,104,76,7.10907649993897
107,59,58,106,76,37,82,69,56,51,93,110,6.60374355316162
62,63,59,93,105,94,102,17,77,21,64,72,6.01156187057495
69,86,71,90,37,19,99,58,41,98,85,39,6.33600997924805
88,106,90,50,54,36,39,75,33,81,86,28,6.45744943618774
62,77,49,11,30,21,7,36,46,24,35,3,5.55291509628296
107,61,60,96,90,37,84,59,56,49,93,111,6.71078252792358
48,44,60,65,77,82,91,74,70,58,55,35,4.21329927444458
35,77,52,1,22,90,46,98,3,12,1,36,4.04111480712891
96,90,88,106,88,8,94,49,78,104,103,66,7.17549657821655
18,69,38,77,99,86,71,5,69,39,19,30,5.62953662872314
59,26,30,35,8,74,47,101,30,31,18,87,4.91439342498779
50,39,60,40,51,79,3,66,46,49,64,28,5.23386669158936
50,16,72,50,36,97,43,55,28,68,57,37,4.9953179359436
93,99,81,59,107,11,72,25,46,88,101,28,7.10327339172363
45,101,46,75,45,42,111,17,18,62,29,70,5.8013801574707
56,70,63,20,42,78,3,78,61,63,60,27,5.12203121185303
91,70,88,52,39,19,76,53,18,73,96,17,6.47520875930786
43,14,39,58,4,21,20,42,39,59,82,62,4.89183568954468
48,71,50,83,72,87,106,56,6,60,29,52,5.6526255607605
97,104,89,98,90,12,75,20,51,100,103,95,7.23399496078491
83,97,70,86,28,19,85,5,42,91,96,27,6.09130239486694
100,111,85,110,105,29,99,9,63,106,100,9,7.53250455856323
20,66,39,99,71,88,74,23,61,37,18,23,5.68522071838379
54,24,47,1,30,37,38,93,56,15,15,99,5.34085369110107
27,22,3,52,63,83,87,48,47,6,10,60,5.25228834152222
25,16,23,48,80,57,9,93,75,3,25,30,5.47155380249023
0,21,18,45,81,84,38,105,89,55,7,106,4.13485288619995
47,47,58,66,86,74,85,52,61,58,55,51,4.33094549179077
79,80,81,70,7,99,44,78,30,97,92,61,5.44663715362549
44,21,57,15,11,72,15,90,30,42,57,55,4.7411322593689
0,4,20,73,70,37,21,73,81,54,30,93,3.41686296463013
97,88,82,83,74,14,79,41,76,96,102,3,7.11836433410645
30,26,28,90,110,26,70,60,100,15,14,54,4.43423748016357
21,10,17,58,81,70,66,98,76,57,36,90,3.30679655075073
47,77,47,88,68,61,111,36,35,59,30,60,5.71329545974731
59,32,47,48,3,16,16,14,99,11,37,1,5.16799545288086
38,44,55,45,26,37,26,98,56,28,73,25,4.80808258056641
104,106,89,101,101,7,76,16,99,106,110,5,7.47359323501587
82,98,68,78,36,23,87,5,39,93,95,36,5.93839597702026
17,20,28,75,104,79,83,35,83,25,37,81,4.47565412521362
17,14,38,68,91,35,19,57,104,7,6,27,5.82923412322998
101,71,42,43,45,40,99,0,25,93,95,30,6.35945081710815
101,109,85,110,72,1,107,11,82,103,106,80,7.69300317764282
24,49,59,82,89,59,109,60,38,35,26,107,5.90842390060425
84,31,89,37,69,83,73,61,26,86,86,34,6.13683271408081
45,10,66,33,63,93,42,77,38,67,57,46,4.51110076904297
97,101,88,98,96,10,72,12,51,102,103,54,7.17699337005615
32,58,66,108,30,52,70,12,56,31,51,33,5.46745109558106
31,37,36,84,57,79,80,93,39,54,14,55,5.76972341537476
87,88,88,13,59,84,38,77,8,81,79,18,6.19887018203735
66,14,51,8,77,30,8,109,66,6,14,57,4.27811765670776
8,4,6,2,77,54,9,85,26,1,3,47,4.22016859054565
64,71,62,40,22,60,106,30,17,42,51,55,6.82417297363281
6,12,15,2,108,21,10,77,45,24,2,93,3.82386565208435
4,6,5,28,83,86,4,105,99,54,12,107,3.44738149642944
60,59,66,37,36,82,8,64,52,62,60,21,5.93649339675903
25,16,22,26,74,33,13,72,68,2,26,44,5.83087062835693
72,70,76,85,13,84,110,42,39,72,63,88,6.08595514297485
30,19,23,88,83,17,109,84,100,25,22,96,4.62314081192017
43,58,66,84,20,37,97,74,84,55,28,44,5.83951854705811
71,55,76,15,87,81,108,59,5,82,94,71,6.57905626296997
22,12,18,40,87,91,41,71,61,66,58,87,4.51441144943237
5,17,14,20,109,57,76,99,84,49,35,93,5.16362714767456
17,23,28,20,53,67,66,62,78,64,55,56,4.68302488327026
24,45,42,16,27,62,21,103,37,6,45,72,4.55392169952393
46,62,62,1,45,91,0,109,2,11,26,6,4.02421951293945
99,98,85,105,86,5,96,20,61,104,108,24,7.39809274673462
78,86,56,9,9,57,13,15,5,77,86,13,5.90115404129028
78,71,84,10,0,75,41,38,37,71,67,28,5.95215749740601
48,55,19,40,51,72,90,59,63,65,66,107,4.88392210006714
17,18,30,63,108,74,72,39,87,22,37,96,4.65570259094238
0,5,6,20,63,49,60,103,77,21,26,106,4.61567354202271
56,28,72,84,13,37,92,28,56,21,62,104,5.09906148910522
61,21,27,18,40,57,2,111,42,2,5,88,4.41253709793091
19,23,31,109,83,72,100,98,91,38,12,88,4.46125936508179
18,14,4,26,67,87,38,91,81,14,11,91,4.81623220443726
26,8,22,22,30,38,14,106,52,22,6,98,5.49021434783936
79,66,59,18,28,89,62,11,35,76,79,13,6.06503868103027
44,20,55,2,7,84,0,93,10,39,57,45,4.124342918396
80,62,75,81,2,35,65,8,44,78,81,0,6.11148500442505
24,47,42,13,21,69,17,102,41,5,52,70,4.62813282012939
43,59,69,80,37,69,110,78,39,59,30,56,6.12801027297974
13,9,6,36,75,41,51,103,84,24,7,103,4.87372255325317
7,33,7,10,51,36,13,86,65,39,42,89,4.64689111709595
59,80,79,102,28,70,104,70,18,89,79,86,6.99761867523193
8,22,14,48,81,63,51,99,85,31,35,105,4.00051689147949
16,34,2,28,28,97,62,55,23,57,44,98,3.51178050041199
61,82,32,30,76,37,4,85,56,9,1,0,5.22914886474609
84,98,71,87,38,16,87,4,39,93,96,27,6.03464126586914
99,111,85,108,106,35,109,4,32,106,100,17,7.51003456115723
107,60,55,85,59,37,47,71,56,44,59,97,6.09390544891357
87,44,85,7,72,82,42,36,9,71,90,34,5.97056436538696
16,14,21,57,95,18,73,30,103,38,30,93,3.44502329826355
28,36,24,86,110,19,66,59,99,15,14,50,4.15434169769287
62,29,28,68,4,53,54,55,87,83,80,103,3.47108483314514
88,96,82,98,108,29,46,86,80,99,90,40,6.59084224700928
8,25,13,36,95,62,41,101,87,24,35,106,4.23326110839844
